,Predicted Negative ACES,Predicted Positive ACES
Actual Negative ACES,10.119047619047619,60.71428571428571
Actual Positive ACES,3.869047619047619,25.297619047619047
