,Predicted Negative ACES,Predicted Positive ACES
Actual Negative ACES,72.55991663772143,3.126085446335533
Actual Positive ACES,17.12400138937131,7.1899965265717265
