,Predicted Negative ADRO,Predicted Positive ADRO
Actual Negative ADRO,78.63841611670719,0.20840569642236886
Actual Positive ADRO,20.319555401180967,0.8336227856894755
