,Predicted Negative AKRA,Predicted Positive AKRA
Actual Negative AKRA,81.84523809523809,3.571428571428571
Actual Positive AKRA,11.607142857142858,2.976190476190476
