,Predicted Negative AKRA,Predicted Positive AKRA
Actual Negative AKRA,72.9419937478291,2.2229940951719347
Actual Positive AKRA,16.220910038207712,8.614102118791248
