,Predicted Negative AMRT,Predicted Positive AMRT
Actual Negative AMRT,71.44841959013546,4.967002431399791
Actual Positive AMRT,19.381729767280305,4.202848211184439
