,Predicted Negative ANTM,Predicted Positive ANTM
Actual Negative ANTM,79.22889892323724,5.661688086141021
Actual Positive ANTM,7.328933657519972,7.780479333101771
