,Predicted Negative ARTO,Predicted Positive ARTO
Actual Negative ARTO,70.64953108718305,5.001736714136853
Actual Positive ARTO,14.102118791246962,10.246613407433136
