,Predicted Negative ARTO,Predicted Positive ARTO
Actual Negative ARTO,21.726190476190478,55.05952380952381
Actual Positive ARTO,5.654761904761905,17.559523809523807
