,Predicted Negative ASII,Predicted Positive ASII
Actual Negative ASII,82.38971865230982,0.798888502952414
Actual Positive ASII,15.838832928100036,0.9725599166377213
