,Predicted Negative BBCA,Predicted Positive BBCA
Actual Negative BBCA,81.17401875651268,2.535602639805488
Actual Positive BBCA,11.149704758596734,5.140673845085099
