,Predicted Negative BBNI,Predicted Positive BBNI
Actual Negative BBNI,82.70232719694339,0.5210142410559222
Actual Positive BBNI,11.566516151441473,5.2101424105592224
