,Predicted Negative BBRI,Predicted Positive BBRI
Actual Negative BBRI,80.54880166724557,2.674539770753734
Actual Positive BBRI,12.573810350816256,4.202848211184439
