,Predicted Negative BMRI,Predicted Positive BMRI
Actual Negative BMRI,78.77735324765544,1.0420284821118444
Actual Positive BMRI,17.714484195901353,2.466134074331365
