,Predicted Negative BRPT,Predicted Positive BRPT
Actual Negative BRPT,69.92011114970475,5.488016672455713
Actual Positive BRPT,19.52066689822855,5.071205279610976
