,Predicted Negative BRPT,Predicted Positive BRPT
Actual Negative BRPT,68.15476190476191,0.5952380952380952
Actual Positive BRPT,27.67857142857143,3.571428571428571
