,Predicted Negative BUKA,Predicted Positive BUKA
Actual Negative BUKA,8.333333333333332,58.03571428571429
Actual Positive BUKA,5.059523809523809,28.57142857142857
