,Predicted Negative BUKA,Predicted Positive BUKA
Actual Negative BUKA,75.92914206321639,3.8902396665508854
Actual Positive BUKA,13.476901701979854,6.703716568252865
