,Predicted Negative GOTO,Predicted Positive GOTO
Actual Negative GOTO,2.380952380952381,68.45238095238095
Actual Positive GOTO,0.5952380952380952,28.57142857142857
