,Predicted Negative GOTO,Predicted Positive GOTO
Actual Negative GOTO,65.6477943730462,6.11323376172282
Actual Positive GOTO,20.284821118443904,7.95415074678708
