,Predicted Negative ICBP,Predicted Positive ICBP
Actual Negative ICBP,81.00034734282737,0.27787426189649184
Actual Positive ICBP,18.374435567905522,0.3473428273706148
