,Predicted Negative INCO,Predicted Positive INCO
Actual Negative INCO,72.24730809308788,7.537339353942341
Actual Positive INCO,12.01806182702327,8.197290725946509
