,Predicted Negative INKP,Predicted Positive INKP
Actual Negative INKP,76.48489058700937,0.868357068426537
Actual Positive INKP,20.493226814866272,2.153525529697812
