,Predicted Negative MDKA,Predicted Positive MDKA
Actual Negative MDKA,73.6714136853074,3.6818339701285168
Actual Positive MDKA,14.31052448766933,8.336227856894755
