,Predicted Negative MEDC,Predicted Positive MEDC
Actual Negative MEDC,63.63320597429664,7.433136505731157
Actual Positive MEDC,15.352552969781176,13.58110455019104
