,Predicted Negative PGAS,Predicted Positive PGAS
Actual Negative PGAS,82.80653004515457,0.6252170892671066
Actual Positive PGAS,11.670718999652657,4.897533865925668
