,Predicted Negative PGEO,Predicted Positive PGEO
Actual Negative PGEO,65.07413509060956,7.248764415156507
Actual Positive PGEO,14.442613948380012,13.234486545853926
