,Predicted Negative PTBA,Predicted Positive PTBA
Actual Negative PTBA,77.04063911080237,5.453282389718652
Actual Positive PTBA,14.831538728725253,2.674539770753734
