,Predicted Negative SMGR,Predicted Positive SMGR
Actual Negative SMGR,77.80479333101772,2.9871483153872873
Actual Positive SMGR,12.330670371656826,6.877387981938172
