,Predicted Negative UNTR,Predicted Positive UNTR
Actual Negative UNTR,78.25633900659952,4.237582493921501
Actual Positive UNTR,7.815213615838832,9.690864883640153
