,Predicted Negative UNVR,Predicted Positive UNVR
Actual Negative UNVR,79.78464744703022,4.168113928447378
Actual Positive UNVR,10.976033344911427,5.071205279610976
